{
  "version": 31,
  "champion": "/home/vio/Documents/ToribashAI/generated_replays/xioi_v30_champion.rpl",
  "dataset": "/home/vio/Documents/ToribashAI/datasets/ml/xioi_champion_v31_sequences.jsonl",
  "sequences": 100,
  "seq_len": 8,
  "state_dim": 104,
  "frame_min": 0,
  "frame_max": 517,
  "frames_used": 108,
  "action_counts": [
    [
      0,
      1900
    ],
    [
      3,
      37
    ],
    [
      2,
      25
    ],
    [
      1,
      22
    ],
    [
      4,
      16
    ]
  ],
  "active_counts": [
    [
      1,
      100
    ]
  ],
  "top_pairs": [
    [
      [
        3,
        2
      ],
      12
    ],
    [
      [
        1,
        3
      ],
      12
    ],
    [
      [
        3,
        3
      ],
      8
    ],
    [
      [
        12,
        2
      ],
      4
    ],
    [
      [
        1,
        1
      ],
      4
    ],
    [
      [
        1,
        2
      ],
      4
    ],
    [
      [
        3,
        1
      ],
      4
    ],
    [
      [
        5,
        1
      ],
      3
    ],
    [
      [
        5,
        3
      ],
      3
    ],
    [
      [
        5,
        4
      ],
      3
    ],
    [
      [
        15,
        3
      ],
      3
    ],
    [
      [
        2,
        3
      ],
      3
    ],
    [
      [
        16,
        1
      ],
      3
    ],
    [
      [
        16,
        4
      ],
      3
    ],
    [
      [
        4,
        1
      ],
      2
    ],
    [
      [
        14,
        1
      ],
      2
    ],
    [
      [
        12,
        3
      ],
      2
    ],
    [
      [
        12,
        1
      ],
      2
    ],
    [
      [
        17,
        3
      ],
      2
    ],
    [
      [
        1,
        4
      ],
      2
    ],
    [
      [
        4,
        4
      ],
      2
    ],
    [
      [
        4,
        2
      ],
      2
    ],
    [
      [
        4,
        3
      ],
      2
    ],
    [
      [
        18,
        3
      ],
      1
    ],
    [
      [
        14,
        4
      ],
      1
    ],
    [
      [
        12,
        4
      ],
      1
    ],
    [
      [
        8,
        4
      ],
      1
    ],
    [
      [
        14,
        2
      ],
      1
    ],
    [
      [
        8,
        3
      ],
      1
    ],
    [
      [
        6,
        4
      ],
      1
    ]
  ],
  "source_newgame": "2500 10 15 0 0 8 200 0 1 /parkour_city_prt2.tbm 0 0 250 500 1000 0 1 0 2 0 0 0 0 0 0 0.000000 0.000000 -30.000000 0 0 0 0 8",
  "source_engage": {
    "0": "3.000000 24.000000 12.585000 0 0 0",
    "1": "0.000000 24.000000 12.600000 0 0 0"
  }
}