{
  "input_reference": "/home/vio/Documents/ToribashAI/evolution/skills/walk_xioi_reference.json",
  "selected_loop": {
    "start_frame": 55,
    "end_frame": 126,
    "loop_length": 71,
    "score": -48.77953639166584,
    "pose_distance": 2.7184579069046437,
    "action_distance": 0.0,
    "lateral_delta_start_end": 2.6247453199999997,
    "height_delta_start_end": 0.07256023833333325,
    "lateral_range_inside_loop": 2.6247453199999997,
    "motion": {
      "head_forward": 0.6886984799999993,
      "hip_forward": 0.6794128424999997,
      "shoulder_forward": 0.7306442875000023,
      "head_lateral_range": 2.69389497,
      "hip_lateral_range": 2.7185101124999997,
      "shoulder_lateral_range": 2.4618308774999997,
      "head_z_min": 2.04937856,
      "hip_z_min": 1.900714495,
      "shoulder_z_min": 1.902100385,
      "head_z_avg": 2.202315481724138,
      "hip_z_avg": 1.980452311724138,
      "shoulder_z_avg": 2.037153635258621
    }
  },
  "top_10": [
    {
      "start_frame": 55,
      "end_frame": 126,
      "loop_length": 71,
      "score": -48.77953639166584,
      "pose_distance": 2.7184579069046437,
      "action_distance": 0.0,
      "lateral_delta_start_end": 2.6247453199999997,
      "height_delta_start_end": 0.07256023833333325,
      "lateral_range_inside_loop": 2.6247453199999997,
      "motion": {
        "head_forward": 0.6886984799999993,
        "hip_forward": 0.6794128424999997,
        "shoulder_forward": 0.7306442875000023,
        "head_lateral_range": 2.69389497,
        "hip_lateral_range": 2.7185101124999997,
        "shoulder_lateral_range": 2.4618308774999997,
        "head_z_min": 2.04937856,
        "hip_z_min": 1.900714495,
        "shoulder_z_min": 1.902100385,
        "head_z_avg": 2.202315481724138,
        "hip_z_avg": 1.980452311724138,
        "shoulder_z_avg": 2.037153635258621
      }
    },
    {
      "start_frame": 58,
      "end_frame": 130,
      "loop_length": 72,
      "score": -50.91934404506444,
      "pose_distance": 2.8237324941163497,
      "action_distance": 0.0,
      "lateral_delta_start_end": 2.7290049191666665,
      "height_delta_start_end": 0.07722630166666655,
      "lateral_range_inside_loop": 2.7290049191666665,
      "motion": {
        "head_forward": 0.6789509900000006,
        "hip_forward": 0.72385521,
        "shoulder_forward": 0.7458202499999977,
        "head_lateral_range": 2.8118973599999997,
        "hip_lateral_range": 2.8141372700000002,
        "shoulder_lateral_range": 2.5609801275,
        "head_z_min": 2.04937856,
        "hip_z_min": 1.900714495,
        "shoulder_z_min": 1.902100385,
        "head_z_avg": 2.2078844513793103,
        "hip_z_avg": 1.9806777906034483,
        "shoulder_z_avg": 2.037224837672414
      }
    },
    {
      "start_frame": 58,
      "end_frame": 131,
      "loop_length": 73,
      "score": -51.772330689226784,
      "pose_distance": 2.8709420898895393,
      "action_distance": 0.0,
      "lateral_delta_start_end": 2.7743790133333333,
      "height_delta_start_end": 0.08192934333333324,
      "lateral_range_inside_loop": 2.7743790133333333,
      "motion": {
        "head_forward": 0.6872868799999985,
        "hip_forward": 0.7373550150000021,
        "shoulder_forward": 0.7615333424999982,
        "head_lateral_range": 2.85852327,
        "hip_lateral_range": 2.8577616325,
        "shoulder_lateral_range": 2.6068521374999998,
        "head_z_min": 2.04937856,
        "hip_z_min": 1.900714495,
        "shoulder_z_min": 1.902100385,
        "head_z_avg": 2.2083554266666665,
        "hip_z_avg": 1.9813898776666667,
        "shoulder_z_avg": 2.036626140416667
      }
    },
    {
      "start_frame": 67,
      "end_frame": 142,
      "loop_length": 75,
      "score": -57.03428715355065,
      "pose_distance": 3.1534768077691404,
      "action_distance": 0.0,
      "lateral_delta_start_end": 3.0538546550000003,
      "height_delta_start_end": 0.11435475916666656,
      "lateral_range_inside_loop": 3.0538546550000003,
      "motion": {
        "head_forward": 0.7477226600000009,
        "hip_forward": 0.7909778424999985,
        "shoulder_forward": 0.7866702750000023,
        "head_lateral_range": 3.1159150400000004,
        "hip_lateral_range": 3.143608045,
        "shoulder_lateral_range": 2.9020408800000004,
        "head_z_min": 2.13371638,
        "hip_z_min": 1.900714495,
        "shoulder_z_min": 1.902100385,
        "head_z_avg": 2.2419669403333335,
        "hip_z_avg": 1.9863321155833333,
        "shoulder_z_avg": 2.0201449980833335
      }
    },
    {
      "start_frame": 64,
      "end_frame": 142,
      "loop_length": 78,
      "score": -58.687243928270675,
      "pose_distance": 3.24018604314581,
      "action_distance": 0.0,
      "lateral_delta_start_end": 3.139812969166667,
      "height_delta_start_end": 0.1182047991666666,
      "lateral_range_inside_loop": 3.139812969166667,
      "motion": {
        "head_forward": 0.7467210599999987,
        "hip_forward": 0.8201603824999992,
        "shoulder_forward": 0.7956198800000003,
        "head_lateral_range": 3.2049685400000003,
        "hip_lateral_range": 3.22795574,
        "shoulder_lateral_range": 2.9865146275,
        "head_z_min": 2.09681718,
        "hip_z_min": 1.900714495,
        "shoulder_z_min": 1.902100385,
        "head_z_avg": 2.2336764690625,
        "hip_z_avg": 1.986986587578125,
        "shoulder_z_avg": 2.028094894140625
      }
    },
    {
      "start_frame": 53,
      "end_frame": 124,
      "loop_length": 71,
      "score": -59.7823415060521,
      "pose_distance": 2.6813071444955376,
      "action_distance": 0.6666666666666666,
      "lateral_delta_start_end": 2.5868005758333337,
      "height_delta_start_end": 0.07125318166666676,
      "lateral_range_inside_loop": 2.5868005758333337,
      "motion": {
        "head_forward": 0.7199184400000007,
        "hip_forward": 0.6532706049999994,
        "shoulder_forward": 0.7197100499999962,
        "head_lateral_range": 2.63695854,
        "hip_lateral_range": 2.6800512875000004,
        "shoulder_lateral_range": 2.4433919,
        "head_z_min": 2.04937856,
        "hip_z_min": 1.900714495,
        "shoulder_z_min": 1.902100385,
        "head_z_avg": 2.196983955862069,
        "hip_z_avg": 1.981328024224138,
        "shoulder_z_avg": 2.0370580473275863
      }
    },
    {
      "start_frame": 58,
      "end_frame": 142,
      "loop_length": 84,
      "score": -61.63162031542422,
      "pose_distance": 3.4125129794653652,
      "action_distance": 0.0,
      "lateral_delta_start_end": 3.306153725,
      "height_delta_start_end": 0.11692942166666653,
      "lateral_range_inside_loop": 3.306153725,
      "motion": {
        "head_forward": 0.7690232899999998,
        "hip_forward": 0.8869531174999992,
        "shoulder_forward": 0.835574792500001,
        "head_lateral_range": 3.38139461,
        "hip_lateral_range": 3.3843793025,
        "shoulder_lateral_range": 3.1526872625,
        "head_z_min": 2.04937856,
        "hip_z_min": 1.900714495,
        "shoulder_z_min": 1.902100385,
        "head_z_avg": 2.219059416,
        "hip_z_avg": 1.987052287,
        "shoulder_z_avg": 2.034047072214286
      }
    },
    {
      "start_frame": 50,
      "end_frame": 120,
      "loop_length": 70,
      "score": -63.97776068523727,
      "pose_distance": 2.5579023034267543,
      "action_distance": 1.0,
      "lateral_delta_start_end": 2.4664432291666665,
      "height_delta_start_end": 0.07493037166666672,
      "lateral_range_inside_loop": 2.4664432291666665,
      "motion": {
        "head_forward": 0.6571749400000009,
        "hip_forward": 0.6277557525000006,
        "shoulder_forward": 0.7228827275,
        "head_lateral_range": 2.49195896,
        "hip_lateral_range": 2.5337822925,
        "shoulder_lateral_range": 2.373588435,
        "head_z_min": 2.04937856,
        "hip_z_min": 1.900714495,
        "shoulder_z_min": 1.902100385,
        "head_z_avg": 2.190806795185185,
        "hip_z_avg": 1.9875872333333333,